{
  "Component-preload.js": 1609884270970,
  "i18n/i18n_de.properties": 1609883840814,
  "i18n/i18n.properties": 1609883840814,
  "manifest.json": 1609884271017,
  "model/models.js": 1609883840818,
  "controller/Sensors.controller.js": 1609883840814,
  "controller/SensorStatus.controller.js": 1609883840814,
  "controller/App.controller.js": 1609883840814,
  "Component.js": 1609883840814,
  "manifest-bundle.zip": 1609884270676,
  "i18n/i18n_en.properties": 1609883840814,
  "controller/SensorStatus-dbg.controller.js": 1609883840814,
  "controller/Sensors-dbg.controller.js": 1609883840814,
  "model/models-dbg.js": 1609883840818,
  "controller/App-dbg.controller.js": 1609883840814,
  "Component-dbg.js": 1609883840814,
  "resources.json": 1609884271020,
  "view/Sensors.view.xml": 1609883840818,
  "view/SensorStatus.view.xml": 1609883840818,
  "view/CustomerSelectDialog.fragment.xml": 1609883840818,
  "view/App.view.xml": 1609883840818,
  "css/style.css": 1609883840814,
  "index.html": 1609883840814
}