{
  "controller/Sensors.controller.js": 1607961621751,
  "i18n/i18n_en.properties": 1607960963513,
  "i18n/i18n.properties": 1607960963513,
  "i18n/i18n_de.properties": 1607960963513,
  "model/models.js": 1607706685000,
  "manifest.json": 1607963989561,
  "controller/App.controller.js": 1607961085265,
  "Component.js": 1607706685000,
  "manifest-bundle.zip": 1607963989321,
  "Component-preload.js": 1607963989521,
  "controller/Sensors-dbg.controller.js": 1607961621751,
  "model/models-dbg.js": 1607706685000,
  "controller/App-dbg.controller.js": 1607961085265,
  "Component-dbg.js": 1607706685000,
  "resources.json": 1607963989564,
  "view/Sensors.view.xml": 1607961085261,
  "view/CustomerSelectDialog.fragment.xml": 1607727083000,
  "view/App.view.xml": 1607706685000,
  "css/style.css": 1607706685000,
  "index.html": 1607961085261
}