{
  "manifest-bundle.zip": 1607979230970,
  "i18n/i18n_de.properties": 1607960963513,
  "i18n/i18n.properties": 1607960963513,
  "model/models.js": 1607706685000,
  "manifest.json": 1607979231197,
  "controller/Sensors.controller.js": 1607968894182,
  "controller/SensorStatus.controller.js": 1607975295517,
  "controller/App.controller.js": 1607968622533,
  "Component.js": 1607706685000,
  "i18n/i18n_en.properties": 1607960963513,
  "Component-preload.js": 1607979231155,
  "Component-dbg.js": 1607706685000,
  "controller/Sensors-dbg.controller.js": 1607968894182,
  "controller/SensorStatus-dbg.controller.js": 1607975295517,
  "controller/App-dbg.controller.js": 1607968622533,
  "model/models-dbg.js": 1607706685000,
  "resources.json": 1607979231200,
  "view/Sensors.view.xml": 1607973018441,
  "view/SensorStatus.view.xml": 1607977013520,
  "view/CustomerSelectDialog.fragment.xml": 1607727083000,
  "view/App.view.xml": 1607706685000,
  "css/style.css": 1607706685000,
  "index.html": 1607961085261
}